project,last_updated,Barcodes,Geno,Nitrogen,rep,Leaf_no,Photo,Cond,Tleaf,Trans,VpdL,lma_gm2,d13c,d15n,cent_n,cent_c,n_mass_mg_per_g,n_area_gm2,c_mass_mg_per_g,c_area_gm2
cousins_pheno_0,2019/01/17 08:11:28,Fa001AA031190,E01,10,1,5,23.16989297,0.133838921,31.90650034,0.003120214,2.307086635,36.30492722,-15.9,-3,2.562901177,43.20876824,25.62901177,0.930459407,432.0876824,15.68691186
cousins_pheno_0,2019/01/17 08:11:28,Fa001AA031220,E01,10,2,5,13.22944244,0.077598878,31.94009924,0.00199033,2.515531868,36.73204401,-14.53,-1.44,2.022106977,43.0029814,20.22106977,0.742761225,430.029814,15.79587405
cousins_pheno_0,2019/01/17 08:11:28,Fa001AA031250,E01,10,3,4,21.07311323,0.137620847,31.95969868,0.003526622,2.542983269,32.88799289,-15.45,-1.58,2.161615584,43.80648312,21.61615584,0.71091198,438.0648312,14.40707305
cousins_pheno_0,2019/01/17 08:11:28,Fa001AA031310,E01,10,5,4,27.61402332,0.154143207,32.06664849,0.003849521,2.478594344,33.95578487,-15.62,1.08,1.84,44.218,18.4,0.624786442,442.18,15.01456895
cousins_pheno_0,2019/01/17 08:11:28,Fa001AC031640,E01,100,1,4,29.23483859,0.173232833,31.92298794,0.004018879,2.326074828,32.24731771,-15.55,-3.21,3.229,43.42,32.29,1.041265889,434.2,14.00178535
cousins_pheno_0,2019/01/17 08:11:28,Fa001AC031730,E01,100,4,3,21.13080552,0.105449566,31.97451353,0.002721016,2.519784319,31.39308412,-15.97,-1.7,2.915285714,44.44093878,29.15285714,0.915198097,444.4093878,13.95138129
cousins_pheno_0,2019/01/17 08:11:28,Fa001AC031790,E01,100,6,4,25.28238429,0.148154969,32.14820957,0.003822712,2.555660474,40.36253673,-15.87,-4.13,3.535732804,46.1031746,35.35732804,1.427111452,461.031746,18.60841078
cousins_pheno_0,2019/01/17 08:11:28,Fa001AC031850,E01,100,8,4,25.46685825,0.160206319,32.02072907,0.003547056,2.207407216,36.30492722,-15.84,-4.28,3.421,47.478,34.21,1.24199156,474.78,17.23685335
cousins_pheno_0,2019/01/17 08:11:28,Fa001AB031400,E01,50,2,4,13.72226431,0.107477269,31.95304871,0.002476032,2.263070898,28.83038338,-14.81,-1.31,1.565,40.13,15.65,0.4511955,401.3,11.56963285
cousins_pheno_0,2019/01/17 08:11:28,Fa001AB031400,E01,50,2,5,22.01399326,0.136621355,31.86994553,0.003176507,2.302714504,28.83038338,-14.81,-1.31,1.565,40.13,15.65,0.4511955,401.3,11.56963285
cousins_pheno_0,2019/01/17 08:11:28,Fa001AB031520,E01,50,6,3,14.20516503,0.078024368,31.8698864,0.001927881,2.406849442,28.61682498,-15.03,0.56,2.232470149,56.99150373,22.32470149,0.638862075,569.9150373,16.30915888
cousins_pheno_0,2019/01/17 08:11:28,Fa001AB031610,E01,50,9,4,12.92981993,0.100388015,31.93295861,0.002697754,2.630029719,32.6744345,-15.02,-2.28,2.641,44.182,26.41,0.862931815,441.82,14.43621865
cousins_pheno_0,2019/01/17 08:11:28,Fa002AA031191,E02,10,1,6,18.34201056,0.100756677,31.98347807,0.002592111,2.530394102,28.18970819,-15.14,-2.89,1.905,33.869,19.05,0.537013941,338.69,9.547572267
cousins_pheno_0,2019/01/17 08:11:28,Fa002AA031221,E02,10,2,5,10.9712242,0.061215041,31.98301602,0.001717236,2.738553399,22.42363152,-15.51,-1.54,2.266262857,44.53524952,22.66262857,0.508178432,445.3524952,9.986420249
cousins_pheno_0,2019/01/17 08:11:28,Fa002AA031341,E02,10,6,5,20.0240741,0.106020549,32.15005398,0.002861971,2.661966076,30.75240894,-15.52,-2.72,2.35,39.536,23.5,0.72268161,395.36,12.1582724
cousins_pheno_0,2019/01/17 08:11:28,Fa002AC031641,E02,100,1,5,28.39703585,0.162856241,32.00228501,0.00342093,2.112301163,25.41344905,-15.77,-3.43,2.714827731,41.66475294,27.14827731,0.689931362,416.6475294,10.58845076
cousins_pheno_0,2019/01/17 08:11:28,Fa002AC031671,E02,100,2,5,25.26237621,0.150647653,32.03665543,0.003326265,2.213255416,30.11173375,,,,,,,,
cousins_pheno_0,2019/01/17 08:11:28,Fa002AC031791,E02,100,6,4,19.06307019,0.129521738,31.99596151,0.002963064,2.262142181,23.70498189,-15.9,-3.68,3.056112613,49.92694595,30.56112613,0.724450941,499.2694595,11.8351735
cousins_pheno_0,2019/01/17 08:11:28,Fa002AC031881,E02,100,9,4,17.3679196,0.096415446,31.77010918,0.002194823,2.234958704,18.5795804,-16.27,-5.48,2.495,42.57,24.95,0.463560531,425.7,7.909327376
cousins_pheno_0,2019/01/17 08:11:28,Fa002AB031371,E02,50,1,4,24.11035268,0.183152645,31.54168829,0.004182087,2.283475544,20.28804756,-15.95,-1.31,2.573,44.317,25.73,0.522011464,443.17,8.991054037
cousins_pheno_0,2019/01/17 08:11:28,Fa002AB031371,E02,50,1,4,24.11035268,0.183152645,31.54168829,0.004182087,2.283475544,25.41344905,-15.95,-1.31,2.573,44.317,25.73,0.653888044,443.17,11.26247822
cousins_pheno_0,2019/01/17 08:11:28,Fa002AB031371,E02,50,1,6,20.40450046,0.126081656,32.02236462,0.003126433,2.478621246,20.28804756,-15.95,-1.31,2.573,44.317,25.73,0.522011464,443.17,8.991054037
cousins_pheno_0,2019/01/17 08:11:28,Fa002AB031371,E02,50,1,6,20.40450046,0.126081656,32.02236462,0.003126433,2.478621246,25.41344905,-15.95,-1.31,2.573,44.317,25.73,0.653888044,443.17,11.26247822
cousins_pheno_0,2019/01/17 08:11:28,Fa002AB031401,E02,50,2,5,24.06858842,0.185534563,31.99082995,0.003786388,2.059381583,22.21007312,-15.78,-1.44,2.333,40.482,23.33,0.518161006,404.82,8.9910818
cousins_pheno_0,2019/01/17 08:11:28,Fa002AB031581,E02,50,8,5,22.31670727,0.147057342,32.16169739,0.003707399,2.503751636,26.90835782,-15.33,-1.74,2.58,43.433,25.8,0.694235632,434.33,11.68710705
cousins_pheno_0,2019/01/17 08:11:28,Fa003AA031192,E03,10,1,5,23.00702827,0.131284809,31.95692206,0.002893967,2.179477913,43.35235427,-15.49,-1.95,1.845459113,40.17738424,18.45459113,0.800049973,401.7738424,17.41784195
cousins_pheno_0,2019/01/17 08:11:28,Fa003AA031222,E03,10,2,5,20.20631742,0.11142483,31.96774769,0.002585833,2.283564931,36.09136882,-15.46,-1.82,2.258134911,42.87905799,22.58134911,0.814991799,428.7905799,15.47563897
cousins_pheno_0,2019/01/17 08:11:28,Fa003AA031252,E03,10,3,4,20.3065513,0.103638233,32.06690216,0.002576498,2.435151433,33.10155129,-15.42,-1.61,1.966112903,43.94088387,19.66112903,0.650813871,439.4088387,14.54511421
cousins_pheno_0,2019/01/17 08:11:28,Fa003AC031642,E03,100,1,4,22.15162517,0.122599897,32.07349142,0.003225043,2.592428576,41.00321192,-15.26,-0.52,1.917551042,41.05815104,19.17551042,0.786257517,410.5815104,16.83516068
cousins_pheno_0,2019/01/17 08:11:28,Fa003AC031672,E03,100,2,6,22.67256532,0.126388517,32.05672073,0.002649572,2.095045749,38.22695278,-16.02,-5.22,3.928,48.107,39.28,1.501554705,481.07,18.38984017
cousins_pheno_0,2019/01/17 08:11:28,Fa003AC031702,E03,100,3,6,26.93329962,0.16051151,31.95320892,0.003426648,2.157113304,32.6744345,-15.74,-5.34,4.258336601,48.6640098,42.58336601,1.391387403,486.640098,15.90069001
cousins_pheno_0,2019/01/17 08:11:28,Fa003AB031402,E03,50,2,6,18.51911867,0.114048183,32.07053757,0.002518836,2.189176979,35.66425203,-14.82,-1.14,2.146,41.509,21.46,0.765354849,415.09,14.80387438
cousins_pheno_0,2019/01/17 08:11:28,Fa003AB031432,E03,50,3,4,11.42653546,0.060752393,32.01316389,0.001660993,2.658666851,26.26768264,-15.6,-0.28,1.949,43.395,19.49,0.511957135,433.95,11.39886088
cousins_pheno_0,2019/01/17 08:11:28,Fa003AB031432,E03,50,3,5,18.52301101,0.104624024,32.08450031,0.00236851,2.236107275,26.26768264,-15.6,-0.28,1.949,43.395,19.49,0.511957135,433.95,11.39886088
cousins_pheno_0,2019/01/17 08:11:28,Fa003AB031492,E03,50,5,4,16.10460445,0.09854355,31.90829964,0.002605135,2.58177063,33.31510968,-15.57,-1.39,1.703961539,44.86529808,17.03961539,0.567676656,448.6529808,14.94692326
cousins_pheno_0,2019/01/17 08:11:28,Fa003AB031612,E03,50,9,4,18.88866367,0.121175465,31.8978653,0.00294451,2.381212182,30.53885054,-15.76,-1.73,2.388,43.685,23.88,0.729267751,436.85,13.34089686
cousins_pheno_0,2019/01/17 08:11:28,Fa004AA031223,E04,10,2,5,29.96547461,0.200253019,32.0502491,0.004389528,2.197801241,19.86093077,-15.47,-1.61,3.794424731,49.92277419,37.94424731,0.753608069,499.2277419,9.91512762
cousins_pheno_0,2019/01/17 08:11:28,Fa004AA031253,E04,10,3,5,21.53109132,0.109442214,31.64124107,0.002516296,2.265605206,20.71516435,-15.64,-2.18,2.835706186,48.69804124,28.35706186,0.587421197,486.9804124,10.08787928
cousins_pheno_0,2019/01/17 08:11:28,Fa004AA031283,E04,10,4,4,16.24999873,0.094639051,32.07815838,0.0025362,2.620469923,23.2778651,-15.78,-1.31,2.471053211,46.71270826,24.71053211,0.575208433,467.1270826,10.87372121
cousins_pheno_0,2019/01/17 08:11:28,Fa004AA031343,E04,10,6,5,18.02222046,0.093565811,31.88252306,0.002444664,2.572175388,22.42363152,-15.41,-2.52,2.96,48.053,29.6,0.663739493,480.53,10.77522765
cousins_pheno_0,2019/01/17 08:11:28,Fa004AC031673,E04,100,2,5,36.88077121,0.226065755,31.97148323,0.004594306,2.063661907,32.6744345,-16.21,-4.28,4.543058824,47.29839216,45.43058824,1.48441878,472.9839216,15.45448217
cousins_pheno_0,2019/01/17 08:11:28,Fa004AC031763,E04,100,5,4,19.56095974,0.146136256,32.18763828,0.003766047,2.552397552,42.28456229,-16.53,-4.07,3.428,44.085,34.28,1.449514795,440.85,18.64114929
cousins_pheno_0,2019/01/17 08:11:28,Fa004AC031823,E04,100,7,5,31.42647561,0.182294339,31.89277888,0.00443626,2.457213324,39.93541994,-16.2,-5.54,3.626,44.707,36.26,1.448058327,447.07,17.85392819
cousins_pheno_0,2019/01/17 08:11:28,Fa004AB031373,E04,50,1,5,20.23598039,0.121961538,32.01059178,0.003023422,2.452147135,30.53885054,-15.56,-0.28,2.52090979,39.44807133,25.2090979,0.769856873,394.4807133,12.04698754
cousins_pheno_0,2019/01/17 08:11:28,Fa004AB031403,E04,50,2,4,23.01317925,0.130906838,32.04987971,0.003313031,2.501202828,25.84056584,-15.12,-0.8,2.25,43.627,22.5,0.581412731,436.27,11.27346366
cousins_pheno_0,2019/01/17 08:11:28,Fa004AB031463,E04,50,4,4,21.83174817,0.135763168,32.0779953,0.003272084,2.373071587,26.26768264,-15.44,-1.27,2.140621951,47.34015854,21.40621951,0.562291781,473.4015854,12.43516261
cousins_pheno_0,2019/01/17 08:11:28,Fa004AB031613,E04,50,9,4,19.23340241,0.155778507,31.97470713,0.003554693,2.264589695,38.22695278,-15.24,-1.68,2.409,43.932,24.09,0.920887292,439.32,16.7938649
cousins_pheno_0,2019/01/17 08:11:28,Fa005AA031194,E05,10,1,5,17.30680867,0.10176814,32.04909134,0.002733697,2.652150049,23.0643067,-14.91,-1.85,2.582,46.277,25.82,0.595520399,462.77,10.67346921
cousins_pheno_0,2019/01/17 08:11:28,Fa005AA031254,E05,10,3,4,15.75763437,0.080474447,31.97954941,0.001974124,2.377369567,22.85074831,-15.89,-0.34,1.992471963,45.69238318,19.92471963,0.455294753,456.9238318,10.44105148
cousins_pheno_0,2019/01/17 08:11:28,Fa005AA031344,E05,10,6,5,12.06392802,0.063670371,32.12027073,0.001618764,2.464029285,26.69479943,-15.92,-1.98,2.674,46.881,26.74,0.713818937,468.81,12.51478892
cousins_pheno_0,2019/01/17 08:11:28,Fa005AC031674,E05,100,2,6,23.95649398,0.126692709,32.05594826,0.002736476,2.14807155,26.26768264,-16.1,-4.44,4.188,47.322,41.88,1.100090549,473.22,12.43039278
cousins_pheno_0,2019/01/17 08:11:28,Fa005AC031704,E05,100,3,4,22.72662742,0.1271755,31.2545929,0.003162654,2.454073195,14.30841249,-15.92,-3.75,4.275850746,57.2308209,42.75850746,0.611806362,572.308209,8.188821926
cousins_pheno_0,2019/01/17 08:11:28,Fa005AC031854,E05,100,8,6,25.73692122,0.131498207,31.97685194,0.003509539,2.645813228,32.4608761,-16.04,-4.52,3.706,43.377,37.06,1.203000068,433.77,14.08055423
cousins_pheno_0,2019/01/17 08:11:28,Fa005AC031884,E05,100,9,6,25.92364172,0.139622835,32.00371313,0.003311225,2.360967341,30.32529215,-16.26,-4.46,4.281,52.545,42.81,1.298225757,525.45,15.93442476
cousins_pheno_0,2019/01/17 08:11:28,Fa005AB031464,E05,50,4,4,20.07432976,0.110183785,31.98582014,0.002859335,2.553695401,26.69479943,-15.48,0.4,1.8812,44.1741,18.812,0.502182567,441.741,11.7921874
cousins_pheno_0,2019/01/17 08:11:28,Fa005AB031614,E05,50,9,5,17.47415188,0.122074191,31.89885984,0.003138704,2.533092414,32.03375931,-15.73,-0.98,2.247,44.538,22.47,0.719798572,445.38,14.26719572
cousins_pheno_0,2019/01/17 08:11:28,Fa006AA031195,E06,10,1,5,20.76499847,0.120988784,31.92378092,0.002948747,2.408845577,28.61682498,-15.39,-1.4,2.181993284,39.47762836,21.81993284,0.624417199,394.7762836,11.29724381
cousins_pheno_0,2019/01/17 08:11:28,Fa006AA031225,E06,10,2,6,26.61440663,0.1513396,32.15865803,0.00340012,2.232221027,25.62700745,-15.17,-2.48,3.834,42.798,38.34,0.982539466,427.98,10.96784665
cousins_pheno_0,2019/01/17 08:11:28,Fa006AA031255,E06,10,3,4,13.72104998,0.067258142,31.9261481,0.001674484,2.421738018,38.01339438,-15.6,-0.3,1.633519663,40.60651685,16.33519663,0.620956272,406.0651685,15.43591539
cousins_pheno_0,2019/01/17 08:11:28,Fa006AA031285,E06,10,4,4,19.97248602,0.106742736,32.0183487,0.002631764,2.415361834,32.88799289,-15.72,-1.05,2.593,47.812,25.93,0.852785656,478.12,15.72440716
cousins_pheno_0,2019/01/17 08:11:28,Fa006AC031645,E06,100,1,6,32.90915827,0.205307454,32.01750088,0.004540643,2.246239122,25.84056584,-15.69,-3.47,3.447,43.716,34.47,0.890724305,437.16,11.29646176
cousins_pheno_0,2019/01/17 08:11:28,Fa006AC031705,E06,100,3,6,33.03384693,0.20944417,31.87870741,0.00457982,2.217092819,30.32529215,-15.97,-5.14,3.903,47.702,39.03,1.183596153,477.02,14.46577086
cousins_pheno_0,2019/01/17 08:11:28,Fa006AC031705,E06,100,3,5,29.56589931,0.169373457,33.51756541,0.004244468,2.507744005,30.32529215,-15.97,-5.14,3.903,47.702,39.03,1.183596153,477.02,14.46577086
cousins_pheno_0,2019/01/17 08:11:28,Fa006AC031735,E06,100,4,4,28.86975,0.184309593,32.02557373,0.004413685,2.383584139,44.20658785,-16,-1.32,1.043492754,28.05467021,10.43492754,0.461292541,280.5467021,12.40201243
cousins_pheno_0,2019/01/17 08:11:28,Fa006AC031885,E06,100,9,5,23.83894053,0.13128012,32.00390291,0.003281985,2.474403426,71.96917925,-16.09,-3.83,3.468,46.138,34.68,2.495891136,461.38,33.20513992
cousins_pheno_0,2019/01/17 08:11:28,Fa006AB031375,E06,50,1,5,23.51840515,0.17444925,32.04162502,0.004145947,2.37833778,30.53885054,-15.3,-0.4,1.869076923,36.51068532,18.69076923,0.570794608,365.1068532,11.14994362
cousins_pheno_0,2019/01/17 08:11:28,Fa006AB031435,E06,50,3,5,19.58032106,0.133876363,32.00197601,0.003099176,2.288122006,45.06082143,-15.59,-0.85,1.600274882,40.5041981,16.00274882,0.721097007,405.041981,18.25152438
cousins_pheno_0,2019/01/17 08:11:28,Fa006AB031555,E06,50,7,5,15.11136336,0.101120457,32.23058033,0.002646496,2.571670658,25.41344905,-15.59,-0.73,2.044,43.055,20.44,0.519450899,430.55,10.94176049
cousins_pheno_0,2019/01/17 08:11:28,Fa007AA031196,E07,10,1,5,27.08944505,0.160517434,32.01709843,0.003537871,2.193545852,33.74222647,-15.58,-1.31,2.706456962,44.75392532,27.06456962,0.913218837,447.5392532,15.10097084
cousins_pheno_0,2019/01/17 08:11:28,Fa007AA031226,E07,10,2,5,12.19544742,0.064411365,31.99197197,0.001712749,2.595387166,27.7625914,-14.96,-1.31,2.257003077,43.26529231,22.57003077,0.626602542,432.6529231,12.01156632
cousins_pheno_0,2019/01/17 08:11:28,Fa007AA031316,E07,10,5,5,10.55350975,0.054667544,32.06059075,0.001584608,2.818689597,29.47105857,-15.68,-1.29,1.999,39.658,19.99,0.589126461,396.58,11.68763241
cousins_pheno_0,2019/01/17 08:11:28,Fa007AA031346,E07,10,6,4,18.5366443,0.103631103,31.9876442,0.002794731,2.64359316,26.26768264,-16.09,-1.28,3.492,45.675,34.92,0.917267478,456.75,11.99776405
cousins_pheno_0,2019/01/17 08:11:28,Fa007AC031676,E07,100,2,6,27.78768276,0.165768844,32.07843971,0.003293503,2.014028433,28.61682498,-15.89,-3.02,3.316,47.436,33.16,0.948933916,474.36,13.5746771
cousins_pheno_0,2019/01/17 08:11:28,Fa007AC031706,E07,100,3,6,35.26568669,0.211834648,32.39086628,0.004720667,2.290965524,26.05412424,-15.79,-5.12,4.436072131,49.7908459,44.36072131,1.155779744,497.908459,12.97256885
cousins_pheno_0,2019/01/17 08:11:28,Fa007AC031796,E07,100,6,4,20.70605864,0.130275025,32.00576019,0.003271673,2.484177694,22.42363152,-16.36,-2.54,2.783066667,43.37041429,27.83066667,0.624064614,433.7041429,9.725221889
cousins_pheno_0,2019/01/17 08:11:28,Fa007AC031886,E07,100,9,5,28.42000911,0.161342406,32.03129673,0.003924977,2.423354236,29.47105857,-15.58,-3.4,4.276,51.212,42.76,1.260182464,512.12,15.09271851
cousins_pheno_0,2019/01/17 08:11:28,Fa007AB031376,E07,50,1,5,23.00611755,0.128331445,31.98007011,0.002992572,2.324717892,22.42363152,-15.63,-1.01,1.697199048,40.13228762,16.97199048,0.380573661,401.3228762,8.999116296
cousins_pheno_0,2019/01/17 08:11:28,Fa007AB031406,E07,50,2,6,9.291455707,0.051786207,31.9609313,0.001242342,2.329872655,18.5795804,-15.38,-1.08,2.493396552,46.7452931,24.93396552,0.463262617,467.452931,8.685079315
cousins_pheno_0,2019/01/17 08:11:28,Fa007AB031406,E07,50,2,5,22.45057869,0.125612507,31.90741205,0.0027966,2.215869355,18.5795804,-15.38,-1.08,2.493396552,46.7452931,24.93396552,0.463262617,467.452931,8.685079315
cousins_pheno_0,2019/01/17 08:11:28,Fa007AB031436,E07,50,3,5,19.48257931,0.112128165,31.89698458,0.002736195,2.410631184,29.68461696,-15.34,-1.1,2.175,41.201,21.75,0.645640419,412.01,12.23035903
cousins_pheno_0,2019/01/17 08:11:28,Fa007AB031466,E07,50,4,5,17.92139867,0.092513394,31.80052519,0.002360352,2.502916449,27.12191622,-15.07,-0.62,2.63967874,41.49853858,26.3967874,0.715931456,414.9853858,11.25519887
cousins_pheno_0,2019/01/17 08:11:28,Fa007AB031526,E07,50,6,4,18.61580361,0.116051271,31.420753,0.002554653,2.167282974,27.12191622,-15.73,-1.66,1.969570866,41.24467323,19.69570866,0.53418536,412.4467323,11.18634572
cousins_pheno_0,2019/01/17 08:11:28,Fa007AB031556,E07,50,7,5,18.4413843,0.11172679,32.1224912,0.002657278,2.338473958,22.42363152,-15.24,-1.78,2.182,43.966,21.82,0.48928364,439.66,9.858773834
cousins_pheno_0,2019/01/17 08:11:28,Fa008AA031197,E08,10,1,4,14.55304576,0.082555638,31.80721728,0.002198266,2.598427808,33.10155129,-15.75,-3.02,3.771670968,49.51121936,37.71670968,1.2484816,495.1121936,16.38898167
cousins_pheno_0,2019/01/17 08:11:28,Fa008AA031227,E08,10,2,5,20.66404662,0.123061743,31.93972969,0.002844808,2.273944832,30.96596733,-15.7,-1.32,2.221321379,43.83054759,22.21321379,0.687853653,438.3054759,13.57255305
cousins_pheno_0,2019/01/17 08:11:28,Fa008AA031317,E08,10,5,5,23.15906094,0.134988118,32.00591564,0.003471227,2.538167847,24.77277387,-15.94,-2.22,3.612,47.772,36.12,0.894792592,477.72,11.83444953
cousins_pheno_0,2019/01/17 08:11:28,Fa008AA031347,E08,10,6,4,19.95899429,0.086885108,31.62866434,0.00204781,2.298810606,28.40326659,-15.65,-2.32,3.2,47.837,32,0.908904531,478.37,13.58727064
cousins_pheno_0,2019/01/17 08:11:28,Fa008AC031647,E08,100,1,6,25.14214054,0.145445327,32.00014496,0.003560875,2.440474648,35.02357685,-15.52,-4.38,3.326131707,44.68804878,33.26131707,1.164930295,446.8804878,15.65135311
cousins_pheno_0,2019/01/17 08:11:28,Fa008AC031677,E08,100,2,6,34.34050523,0.221625184,31.87067556,0.004222586,1.944184794,29.25750017,-15.94,-4.98,3.844,41.736,38.44,1.124658307,417.36,12.21091027
cousins_pheno_0,2019/01/17 08:11:28,Fa008AC031707,E08,100,3,6,28.91969735,0.193318217,32.06382275,0.004009238,2.091673216,38.86762796,-15.94,-5.2,3.317684615,37.21006593,33.17684615,1.289505313,372.1006593,14.46266999
cousins_pheno_0,2019/01/17 08:11:28,Fa008AC031857,E08,100,8,5,23.30019431,0.133090578,32.14455796,0.003381122,2.513340673,34.81001845,-16.01,-4.9,3.147,42.494,31.47,1.095471281,424.94,14.79216924
cousins_pheno_0,2019/01/17 08:11:28,Fa008AB031377,E08,50,1,5,11.94217525,0.072170415,31.97785902,0.001633834,2.221955278,21.99651473,-15.4,-1.28,3.169306796,56.51547573,31.69306796,0.697137036,565.1547573,12.43143494
cousins_pheno_0,2019/01/17 08:11:28,Fa008AB031407,E08,50,2,5,24.85537907,0.172767083,32.06246662,0.003921437,2.260648727,35.66425203,-15.25,-1.49,1.953110778,43.02925988,19.53110778,0.69656235,430.2925988,15.34606369
cousins_pheno_0,2019/01/17 08:11:28,Fa008AB031617,E08,50,9,5,21.36452579,0.130779974,31.90276623,0.003076721,2.317004472,30.11173375,-15.7,-1.35,2.253,42.622,22.53,0.678417361,426.22,12.83422316
cousins_pheno_0,2019/01/17 08:11:28,Fa009AA031198,E09,10,1,4,26.49930413,0.162861383,31.87201691,0.003627521,2.210958176,35.87781043,-15.49,0.84,2.339097619,40.44378333,23.39097619,0.83921701,404.4378333,14.51034391
cousins_pheno_0,2019/01/17 08:11:28,Fa009AA031258,E09,10,3,5,20.04928958,0.095550021,31.88518334,0.002496501,2.562154085,28.83038338,-15.43,-2.65,2.006,43.281,20.06,0.578337491,432.81,12.47807823
cousins_pheno_0,2019/01/17 08:11:28,Fa009AA031318,E09,10,5,5,22.42151545,0.116583658,31.95116234,0.002955399,2.496235518,35.87781043,-15.88,-1.63,2.736217262,41.53974762,27.36217262,0.981694842,415.3974762,14.9035519
cousins_pheno_0,2019/01/17 08:11:28,Fa009AC031648,E09,100,1,4,29.73812882,0.175606033,32.00363668,0.0042524,2.411148383,39.50830315,-16.05,-1.2,3.238708649,39.51042919,32.38708649,1.279558831,395.1042919,15.60990014
cousins_pheno_0,2019/01/17 08:11:28,Fa009AC031678,E09,100,2,5,31.41998118,0.195784263,32.74677563,0.004433873,2.289508371,34.16934327,-16.04,-4,3.815,45.363,38.15,1.303560446,453.63,15.50023919
cousins_pheno_0,2019/01/17 08:11:28,Fa009AC031738,E09,100,4,5,23.24606131,0.111529897,32.09049225,0.002890132,2.539169425,27.12191622,-16.24,-3.91,3.646212598,45.15786614,36.46212598,0.988922726,451.5786614,12.24767862
cousins_pheno_0,2019/01/17 08:11:28,Fa009AC031768,E09,100,5,4,18.8566339,0.089095365,31.92257404,0.002191707,2.401830374,30.32529215,-16.5,-2.93,3.301471831,43.25660916,33.01471831,1.001180978,432.5660916,13.1176931
cousins_pheno_0,2019/01/17 08:11:28,Fa009AC031858,E09,100,8,6,30.50740169,0.18777621,32.05187702,0.004025775,2.155187139,70.04715369,-15.5,-3.92,3.05,43.203,30.5,2.136438188,432.03,30.26247181
cousins_pheno_0,2019/01/17 08:11:28,Fa009AB031438,E09,50,3,4,16.55555336,0.095813324,31.98393536,0.002539484,2.598696213,24.13209868,-15.18,-0.82,2.129,41.308,21.29,0.513772381,413.08,9.968487323
cousins_pheno_0,2019/01/17 08:11:28,Fa009AB031438,E09,50,3,5,10.98866695,0.061947092,31.92263031,0.001426688,2.245763505,24.13209868,-15.18,-0.82,2.129,41.308,21.29,0.513772381,413.08,9.968487323
cousins_pheno_0,2019/01/17 08:11:28,Fa009AB031468,E09,50,4,4,17.81935634,0.09080653,31.99934514,0.00237045,2.555066597,35.45069364,-15.29,-1.24,2.005385542,44.3554247,20.05385542,0.710923085,443.554247,15.72430572
cousins_pheno_0,2019/01/17 08:11:28,Fa009AB031498,E09,50,5,4,22.04483174,0.119940057,31.82934062,0.003147192,2.582131701,35.66425203,-15.42,-1.25,1.876023952,44.1548982,18.76023952,0.66906991,441.548982,15.74751418
cousins_pheno_0,2019/01/17 08:11:28,Fa010AA031199,E10,10,1,5,27.21506821,0.176078106,31.98279038,0.00384254,2.181878841,24.77277387,-15.14,-0.62,3.134083621,46.23425862,31.34083621,0.776399448,462.3425862,11.45350834
cousins_pheno_0,2019/01/17 08:11:28,Fa010AA031229,E10,10,2,4,26.31045632,0.176339698,32.10881805,0.004061488,2.290006511,34.38290166,-15.32,-0.33,2.826,41.467,28.26,0.971660801,414.67,14.25755783
cousins_pheno_0,2019/01/17 08:11:28,Fa010AA031259,E10,10,3,5,17.35464075,0.114841543,31.91960717,0.002814819,2.423167532,37.1591608,-15.22,-1.85,2.409365517,45.67161149,24.09365517,0.895300007,456.7161149,16.97118755
cousins_pheno_0,2019/01/17 08:11:28,Fa010AA031289,E10,10,4,6,26.87753072,0.188609805,31.85511065,0.004172671,2.236871286,30.96596733,-14.72,-2.04,2.572496552,44.66265931,25.72496552,0.796598442,446.6265931,13.83022449
cousins_pheno_0,2019/01/17 08:11:28,Fa010AC031649,E10,100,1,6,33.87263864,0.217270054,31.78533888,0.004242122,1.975605736,24.34565708,-15.14,-4.36,5.290299123,47.10814912,52.90299123,1.287958083,471.0814912,11.46878844
cousins_pheno_0,2019/01/17 08:11:28,Fa010AC031679,E10,100,2,4,26.82895863,0.165258714,32.11404164,0.004234341,2.555915027,29.89817536,-15.5,-3.63,4.117,43.944,41.17,1.23090788,439.44,13.13845418
cousins_pheno_0,2019/01/17 08:11:28,Fa010AC031679,E10,100,2,5,29.71333501,0.182396804,32.00644875,0.003629458,2.024272197,29.89817536,-15.5,-3.63,4.117,43.944,41.17,1.23090788,439.44,13.13845418
cousins_pheno_0,2019/01/17 08:11:28,Fa010AC031709,E10,100,3,6,34.39543338,0.21291316,31.91610718,0.004442942,2.14394513,36.51848561,-15.28,-5.52,3.719,44.536,37.19,1.35812248,445.36,16.26387275
cousins_pheno_0,2019/01/17 08:11:28,Fa010AC031859,E10,100,8,6,23.58831431,0.116336839,31.69957542,0.002737841,2.334333022,31.17952573,-15.69,-5.16,3.876,46.275,38.76,1.208518417,462.75,14.42832553
cousins_pheno_0,2019/01/17 08:11:28,Fa010AB031409,E10,50,2,6,26.04214824,0.167413812,31.99684286,0.003540474,2.121348709,25.62700745,-14.87,-1.28,3.015,41.934,30.15,0.772654275,419.34,10.7464293
cousins_pheno_0,2019/01/17 08:11:28,Fa010AB031439,E10,50,3,5,22.74675969,0.134783015,31.70544624,0.002847836,2.09456171,24.98633226,-14.91,-1.44,2.724350427,47.41908974,27.24350427,0.68071525,474.1908974,11.84829132
cousins_pheno_0,2019/01/17 08:11:28,Fa010AB031529,E10,50,6,4,15.31798871,0.105542943,31.95622635,0.002597517,2.40791923,34.59646006,-15.52,-0.67,1.956,43.456,19.56,0.676706759,434.56,15.03423768
cousins_pheno_0,2019/01/17 08:11:28,Fa011AA031200,E11,10,1,5,11.9948171,0.074721458,31.94753408,0.001715782,2.240928994,24.98633226,-15.86,-1.05,2.283719658,42.60609402,22.83719658,0.570617782,426.0609402,10.64570021
cousins_pheno_0,2019/01/17 08:11:28,Fa011AA031230,E11,10,2,5,16.33806465,0.104415631,31.99859953,0.002368585,2.231597618,18.36602201,-15.84,-0.89,2.387,44.846,23.87,0.438396945,448.46,8.236426231
cousins_pheno_0,2019/01/17 08:11:28,Fa011AA031260,E11,10,3,5,10.51563918,0.087474854,31.91746998,0.002285078,2.56504783,24.77277387,-15.93,-0.63,2.27,44.058,22.7,0.562341967,440.58,10.91438871
cousins_pheno_0,2019/01/17 08:11:28,Fa011AA031320,E11,10,5,5,25.25234505,0.127257163,31.98636293,0.003155795,2.450668496,25.84056584,-15.37,-3.18,3.63,42.973,36.3,0.93801254,429.73,11.10446636
cousins_pheno_0,2019/01/17 08:11:28,Fa011AC031680,E11,100,2,5,24.60792994,0.163088771,31.91375694,0.003427159,2.107291018,31.39308412,-15.96,-2.33,3.03135034,40.75056871,30.3135034,0.951634362,407.5056871,12.79286031
cousins_pheno_0,2019/01/17 08:11:28,Fa011AC031740,E11,100,4,5,27.80412097,0.148431825,31.99624252,0.003398116,2.259985665,22.63718991,-15.76,-2.88,2.839391509,50.43656604,28.39391509,0.642758448,504.3656604,11.41742124
cousins_pheno_0,2019/01/17 08:11:28,Fa011AC031830,E11,100,7,5,21.82296518,0.126973216,32.1146965,0.002970414,2.309516585,30.11173375,-16.11,-5.06,3.881,45.246,38.81,1.168636387,452.46,13.62435505
cousins_pheno_0,2019/01/17 08:11:28,Fa011AC031860,E11,100,8,5,26.86679691,0.1602275,31.95594168,0.003533517,2.192863328,29.47105857,-16.16,-3.73,3.465,45.66,34.65,1.021172179,456.6,13.45648534
cousins_pheno_0,2019/01/17 08:11:28,Fa011AB031380,E11,50,1,6,23.06532698,0.172963364,32.03092385,0.003617257,2.102210312,27.7625914,-14.95,-0.63,2.085,38.843,20.85,0.578850031,388.43,10.78382338
cousins_pheno_0,2019/01/17 08:11:28,Fa011AB031440,E11,50,3,5,13.52864143,0.093199849,32.08588982,0.002220216,2.333456514,29.68461696,-14.52,-1.07,2.441554676,41.33411367,24.41554676,0.724766153,413.3411367,12.26987332
cousins_pheno_0,2019/01/17 08:11:28,Fa011AB031530,E11,50,6,4,15.78093384,0.096474768,31.93213908,0.002337976,2.372814691,21.78295633,-15.57,-0.41,1.921117647,42.101,19.21117647,0.418476218,421.01,9.170842444
cousins_pheno_0,2019/01/17 08:11:28,Fa011AB031560,E11,50,7,4,14.0320735,0.090770385,31.6879336,0.002380763,2.562911101,31.17952573,-15.68,-1.03,2.377,38.274,23.77,0.741137327,382.74,11.93365168
cousins_pheno_0,2019/01/17 08:11:28,Fa011AB031620,E11,50,9,5,15.25824949,0.10682662,31.97564125,0.002481331,2.280090262,37.3727192,-16.08,-5.15,3.549,45.577,35.49,1.326357804,455.77,17.03336423
cousins_pheno_0,2019/01/17 08:11:28,Fa012AA031201,E12,10,1,5,23.83976619,0.146560389,31.92852115,0.00345805,2.345778306,28.18970819,-15.52,-0.88,2.257865152,40.71683333,22.57865152,0.636485598,407.1683333,11.4779565
cousins_pheno_0,2019/01/17 08:11:28,Fa012AA031231,E12,10,2,4,9.467296868,0.079911437,32.09646225,0.001901628,2.325758129,29.25750017,-15.84,1.64,1.578,41.228,15.78,0.461683353,412.28,12.06228217
cousins_pheno_0,2019/01/17 08:11:28,Fa012AA031261,E12,10,3,4,14.18887046,0.07913389,31.95575332,0.001971023,2.419183059,24.34565708,-15.64,-0.73,2.123140351,48.77472368,21.23140351,0.516892469,487.7472368,11.87452697
cousins_pheno_0,2019/01/17 08:11:28,Fa012AA031351,E12,10,6,6,26.46228516,0.139727543,31.77158165,0.003335727,2.372134385,22.85074831,-15.32,-2.59,3.56,48.903,35.6,0.81348664,489.03,11.17470145
cousins_pheno_0,2019/01/17 08:11:28,Fa012AC031651,E12,100,1,6,32.36751804,0.212692591,31.92327166,0.004458099,2.140552047,27.7625914,-16.02,-3.77,3.865323846,46.14406769,38.65323846,1.073114066,461.4406769,12.81078897
cousins_pheno_0,2019/01/17 08:11:28,Fa012AC031681,E12,100,2,4,19.96333814,0.103842935,31.7970643,0.00240467,2.272562654,36.51848561,-15.37,-1.25,1.968,36.587,19.68,0.718683797,365.87,13.36101833
cousins_pheno_0,2019/01/17 08:11:28,Fa012AC031711,E12,100,3,4,25.97872835,0.151844498,32.08061123,0.003875321,2.534909591,27.9761498,-15.78,-3.14,2.547,40.253,25.47,0.712552535,402.53,11.26123958
cousins_pheno_0,2019/01/17 08:11:28,Fa012AC031741,E12,100,4,5,20.25999118,0.126495497,32.03695933,0.002917351,2.278793246,34.81001845,-15.44,-1.64,2.358346626,42.98146933,23.58346626,0.820940896,429.8146933,14.9618574
cousins_pheno_0,2019/01/17 08:11:28,Fa012AC031861,E12,100,8,5,25.68862289,0.155030834,32.06223774,0.00391089,2.508390929,34.81001845,-15.97,-4.18,3.219,43.555,32.19,1.120534494,435.55,15.16150354
cousins_pheno_0,2019/01/17 08:11:28,Fa012AB031381,E12,50,1,5,19.89750434,0.155744903,31.90233183,0.003365212,2.154346307,34.59646006,-15.34,-0.91,1.733,40.596,17.33,0.599556653,405.96,14.04477893
cousins_pheno_0,2019/01/17 08:11:28,Fa012AB031411,E12,50,2,6,23.39069956,0.141886134,32.25652695,0.003146406,2.211527404,24.13209868,-15.1,-0.54,2.924,46.021,29.24,0.705622565,460.21,11.10583313
cousins_pheno_0,2019/01/17 08:11:28,Fa012AB031531,E12,50,6,4,14.13772248,0.096550553,31.87673251,0.002531473,2.568833719,32.24731771,-15.73,-1.59,2.466208609,46.14125166,24.66208609,0.795286126,461.4125166,14.87931602
cousins_pheno_0,2019/01/17 08:11:28,Fa012AB031621,E12,50,9,5,26.36753559,0.205505771,31.88912821,0.004482102,2.188845116,42.0710039,-15.34,-1.29,1.845,39.368,18.45,0.776210022,393.68,16.56251282
cousins_pheno_0,2019/01/17 08:11:28,Fa013AA031202,E13,10,1,4,15.08481513,0.076736468,31.83810743,0.001863603,2.366501795,26.90835782,-15.5,-0.42,2.180889683,50.73217302,21.80889683,0.5868416,507.3217302,13.65119465
cousins_pheno_0,2019/01/17 08:11:28,Fa013AA031232,E13,10,2,6,27.7514356,0.167753061,31.90462875,0.003849891,2.307962312,30.96596733,-15.06,-2.36,2.649241379,48.56453241,26.49241379,0.82036322,485.6453241,15.03847724
cousins_pheno_0,2019/01/17 08:11:28,Fa013AA031262,E13,10,3,4,24.05801618,0.121528447,32.00125822,0.002829108,2.277798457,33.10155129,-15.61,-1.37,1.94653871,42.45570968,19.4653871,0.644334509,424.5570968,14.05349852
cousins_pheno_0,2019/01/17 08:11:28,Fa013AA031322,E13,10,5,4,21.53796047,0.121383698,32.08263969,0.002895857,2.341714238,30.53885054,-15.76,-1.53,2.071,40.838,20.71,0.632459595,408.38,12.47145578
cousins_pheno_0,2019/01/17 08:11:28,Fa013AA031352,E13,10,6,5,29.39412616,0.159183841,32.18052197,0.004114669,2.583720162,30.53885054,-15.8,-1.82,2.143,43.065,21.43,0.654447567,430.65,13.15155599
cousins_pheno_0,2019/01/17 08:11:28,Fa013AC031652,E13,100,1,5,32.27168115,0.189202602,32.03633754,0.004058964,2.15917571,39.29474476,-15.9,-3.83,3.285785326,36.72472609,32.85785326,1.291140957,367.2472609,14.43088738
cousins_pheno_0,2019/01/17 08:11:28,Fa013AC031742,E13,100,4,4,29.40838901,0.167348405,32.04154682,0.003962432,2.351863109,39.93541994,-16.12,-2.65,2.604676471,42.76471123,26.04676471,1.040188487,427.6471123,17.07826702
cousins_pheno_0,2019/01/17 08:11:28,Fa013AC031802,E13,100,6,4,26.97851113,0.139058876,31.86161168,0.003406203,2.402568045,26.69479943,-16.43,-3.23,3.175488,47.192052,31.75488,0.847690153,471.92052,12.59782363
cousins_pheno_0,2019/01/17 08:11:28,Fa013AB031382,E13,50,1,5,32.86729217,0.215508098,32.05198669,0.004426495,2.080929628,25.62700745,-15.02,-1.21,2.214034167,40.34526167,22.14034167,0.567390701,403.4526167,10.33928321
cousins_pheno_0,2019/01/17 08:11:28,Fa013AB031412,E13,50,2,5,21.37226449,0.119526687,32.08118153,0.002741242,2.269320938,16.65755484,-15.47,-3.04,1.847,40.534,18.47,0.307665038,405.34,6.751973279
cousins_pheno_0,2019/01/17 08:11:28,Fa013AB031532,E13,50,6,5,21.59860252,0.111401955,31.74334844,0.002559738,2.248795244,33.74222647,-15.4,-1.48,1.757386076,42.83203481,17.57386076,0.59298119,428.3203481,14.45248219
cousins_pheno_0,2019/01/17 08:11:28,Fa013AB031532,E13,50,6,6,19.16942312,0.10353753,32.02541479,0.002724072,2.577739354,33.74222647,-15.4,-1.48,1.757386076,42.83203481,17.57386076,0.59298119,428.3203481,14.45248219
cousins_pheno_0,2019/01/17 08:11:28,Fa014AA031203,E14,10,1,5,19.72259041,0.106302359,31.9499569,0.002379116,2.20624731,32.03375931,-15.71,-2.26,2.361177333,40.74900133,23.61177333,0.756373864,407.4900133,13.05343701
cousins_pheno_0,2019/01/17 08:11:28,Fa014AA031233,E14,10,2,5,12.88619762,0.073737084,31.90064526,0.001657256,2.20144846,27.9761498,,,,,,,,
cousins_pheno_0,2019/01/17 08:11:28,Fa014AA031263,E14,10,3,4,25.2966078,0.129698161,31.90543556,0.003550476,2.687317145,21.99651473,-15.56,-1.82,2.581354369,52.96711165,25.81354369,0.567807994,529.6711165,11.65091852
cousins_pheno_0,2019/01/17 08:11:28,Fa014AA031353,E14,10,6,5,27.68427158,0.144728,32.0835619,0.003611353,2.475894029,35.23713524,-15.51,-2.09,2.942,45.012,29.42,1.036676519,450.12,15.86093931
cousins_pheno_0,2019/01/17 08:11:28,Fa014AC031653,E14,100,1,4,30.51948513,0.190715733,32.00715065,0.004515699,2.378685024,39.72186155,-16.02,-3.9,3.733565591,43.40943979,37.33565591,1.483041755,434.0943979,17.24303757
cousins_pheno_0,2019/01/17 08:11:28,Fa014AC031683,E14,100,2,5,29.58728866,0.171977634,32.12805081,0.004121373,2.401067111,32.24731771,-16.23,-5.27,4.267213245,47.00677483,42.67213245,1.376061812,470.0677483,15.15842402
cousins_pheno_0,2019/01/17 08:11:28,Fa014AC031713,E14,100,3,4,30.59800581,0.192277133,31.39125013,0.004573779,2.402812165,35.66425203,-16.16,-3.01,3.238122156,37.29726228,32.38122156,1.154852047,372.9726228,13.30178962
cousins_pheno_0,2019/01/17 08:11:28,Fa014AC031893,E14,100,9,5,26.60337787,0.15570122,32.03642273,0.003949507,2.543601879,29.04394178,-16.34,-5.16,4.357,53.806,43.57,1.265444543,538.06,15.62738331
cousins_pheno_0,2019/01/17 08:11:28,Fa014AB031383,E14,50,1,5,24.10562752,0.151393334,32.4857165,0.003531379,2.314242229,30.11173375,-15.89,-1.97,2.238,37.447,22.38,0.673900601,374.47,11.27594094
cousins_pheno_0,2019/01/17 08:11:28,Fa014AB031443,E14,50,3,4,22.01797478,0.147639265,31.9858017,0.003811568,2.554093323,30.96596733,-14.99,-0.46,1.935946897,39.03752,19.35946897,0.599484684,390.3752,12.08834569
cousins_pheno_0,2019/01/17 08:11:28,Fa014AB031473,E14,50,4,4,17.70147475,0.112339248,31.92096075,0.002902351,2.541551162,36.73204401,-15.42,-1.59,1.785613372,44.25036628,17.85613372,0.65589229,442.5036628,16.25406402
cousins_pheno_0,2019/01/17 08:11:28,Fa014AB031503,E14,50,5,4,19.91995312,0.129066611,31.81626988,0.003010476,2.297638257,31.17952573,-15.78,-0.96,1.815054795,43.45339726,18.15054795,0.565925477,434.5339726,13.54856318
cousins_pheno_0,2019/01/17 08:11:28,Fa015AA031204,E15,10,1,5,22.83477942,0.122202613,31.98806286,0.002788468,2.248073704,45.70149662,-15.28,-2.52,2.901964019,42.02582056,29.01964019,1.326240988,420.2582056,19.20642896
cousins_pheno_0,2019/01/17 08:11:28,Fa015AA031234,E15,10,2,5,14.0012573,0.068177595,31.96629524,0.001834369,2.624613079,38.44051117,-15.46,-2.07,2.31172,42.10233111,23.1172,0.888636985,421.0233111,16.18435129
cousins_pheno_0,2019/01/17 08:11:28,Fa015AA031354,E15,10,6,6,19.91563086,0.106800774,32.05149842,0.002840304,2.612124406,26.05412424,-16.13,-3.54,3.352,40.259,33.52,0.873334245,402.59,10.48912988
cousins_pheno_0,2019/01/17 08:11:28,Fa015AC031654,E15,100,1,5,28.10488889,0.159299056,31.66712999,0.003356649,2.097602021,26.48124103,-15.44,-6.06,4.934,49.675,49.34,1.306584432,496.75,13.15455648
cousins_pheno_0,2019/01/17 08:11:28,Fa015AC031684,E15,100,2,5,32.32441562,0.187847457,32.08666153,0.004337375,2.331598717,38.44051117,-16.16,-3.67,4.222567778,45.88250111,42.22567778,1.623176638,458.8250111,17.63746796
cousins_pheno_0,2019/01/17 08:11:28,Fa015AC031714,E15,100,3,4,28.61710131,0.186277757,32.05084133,0.003713831,2.024768075,40.78965352,-16,-4.21,4.105750785,44.44379162,41.05750785,1.67472152,444.4379162,18.12846861
cousins_pheno_0,2019/01/17 08:11:28,Fa015AC031744,E15,100,4,4,23.90481787,0.128600614,31.96552277,0.003361647,2.569916878,22.42363152,-16.35,-4.2,5.047047619,53.30911429,50.47047619,1.131731361,533.0911429,11.95383935
cousins_pheno_0,2019/01/17 08:11:28,Fa015AB031384,E15,50,1,4,19.52146661,0.110606958,31.84850359,0.002647122,2.361522715,35.87781043,-15.99,-0.98,2.489665476,42.94519405,24.89665476,0.89323746,429.4519405,15.40779531
cousins_pheno_0,2019/01/17 08:11:28,Fa015AB031444,E15,50,3,6,19.61362415,0.118479042,31.8808918,0.002814767,2.366744939,23.49142349,-14.81,-0.3,1.918756364,41.71781091,19.18756364,0.450743183,417.1781091,9.800107632
cousins_pheno_0,2019/01/17 08:11:28,Fa015AB031534,E15,50,6,4,21.18013282,0.142714789,32.0315876,0.003447334,2.386385624,27.12191622,-15.54,-0.62,1.897417323,39.55706693,18.97417323,0.514615937,395.5706693,10.72863455
cousins_pheno_0,2019/01/17 08:11:28,Fa015AB031594,E15,50,8,4,13.46737658,0.078920461,31.75716782,0.001907808,2.353140111,30.53885054,-16.21,-4.84,3.488,39.916,34.88,1.065195107,399.16,12.18988758
cousins_pheno_0,2019/01/17 08:11:28,Fa016AA031235,E16,10,2,5,20.45560359,0.120093286,32.03246371,0.00272165,2.236895051,33.52866808,-15.56,-1.72,2.436592357,42.71240446,24.36592357,0.816956964,427.1240446,14.32090032
cousins_pheno_0,2019/01/17 08:11:28,Fa016AA031295,E16,10,4,4,23.95373246,0.133566436,31.9155194,0.003416044,2.530031896,34.38290166,-15.62,-1.13,2.018897516,45.3584441,20.18897516,0.694155548,453.584441,15.59554923
cousins_pheno_0,2019/01/17 08:11:28,Fa016AA031325,E16,10,5,5,19.69816538,0.100253752,31.98062968,0.002566427,2.514468032,36.51848561,-15.87,-2.3,2.741,41.833,27.41,1.000971691,418.33,15.27677809
cousins_pheno_0,2019/01/17 08:11:28,Fa016AA031355,E16,10,6,6,13.39569286,0.071685209,32.12560177,0.001891045,2.580468984,46.5557302,-15.64,-1.59,2.311878899,46.78597615,23.11878899,1.076312103,467.8597615,21.78155283
cousins_pheno_0,2019/01/17 08:11:28,Fa016AC031655,E16,100,1,6,32.97109213,0.20397639,31.98727179,0.004387093,2.206841382,41.43032871,-14.82,-5.34,3.914,45.069,39.14,1.621583066,450.69,18.67223485
cousins_pheno_0,2019/01/17 08:11:28,Fa016AC031685,E16,100,2,5,28.85496643,0.181086165,31.8555851,0.003555685,1.991866507,45.91505501,-15.36,-0.63,1.602081861,24.45956465,16.02081861,0.735596768,244.5956465,11.23062256
cousins_pheno_0,2019/01/17 08:11:28,Fa016AC031745,E16,100,4,4,20.75682931,0.101706915,32.07186635,0.00272418,2.614576663,32.6744345,-16.51,-3.45,3.78429085,42.37265686,37.8429085,1.236495635,423.7265686,13.84502601
cousins_pheno_0,2019/01/17 08:11:28,Fa016AC031835,E16,100,7,4,23.8082448,0.133541107,31.38454104,0.003035262,2.267827984,26.48124103,-16.39,-5,3.077,47.153,30.77,0.814827786,471.53,12.48669958
cousins_pheno_0,2019/01/17 08:11:28,Fa016AB031385,E16,50,1,4,29.65468277,0.197498088,31.99945879,0.004841037,2.447340381,24.98633226,-15.41,-1.58,2.830942735,45.06284786,28.30942735,0.707348758,450.6284786,11.25955289
cousins_pheno_0,2019/01/17 08:11:28,Fa016AB031445,E16,50,3,4,21.20776461,0.135359772,31.91399066,0.003334869,2.446594019,33.10155129,-14.86,-0.34,2.102316129,40.20079484,21.02316129,0.695899252,402.0079484,13.30708672
cousins_pheno_0,2019/01/17 08:11:28,Fa016AB031475,E16,50,4,5,12.46066938,0.073698063,31.95730654,0.001776576,2.349840569,27.12191622,-15.11,-0.74,2.467059055,47.20114961,24.67059055,0.66911369,472.0114961,12.80185625
cousins_pheno_0,2019/01/17 08:11:28,Fa016AB031535,E16,50,6,4,18.72218827,0.101695128,31.9920756,0.002653427,2.542548085,23.34905123,-15.93,-4.09,7.469932927,42.88124638,74.69932927,1.744158466,428.8124638,10.01236419
cousins_pheno_0,2019/01/17 08:11:28,Fa030AA031219,E17,10,1,6,28.63431057,0.174795378,31.88589001,0.004225541,2.428233881,27.7625914,-14.73,-2.71,3.158,44.301,31.58,0.876742636,443.01,12.29910562
cousins_pheno_0,2019/01/17 08:11:28,Fa030AA031249,E17,10,2,5,13.33058557,0.07188204,31.90707827,0.001655825,2.248937774,,,,,,,,,
cousins_pheno_0,2019/01/17 08:11:28,Fa030AA031309,E17,10,4,4,10.81457772,0.071941018,32.02840296,0.00177122,2.392648817,27.54903301,-15.62,0.25,2.623321705,48.98934884,26.23321705,0.722699762,489.8934884,13.49609188
cousins_pheno_0,2019/01/17 08:11:28,Fa030AA031369,E17,10,6,5,32.16138397,0.193517709,32.14722672,0.004882355,2.52346418,34.81001845,-15.46,-2,3.072,44.977,30.72,1.069363767,449.77,15.656502
cousins_pheno_0,2019/01/17 08:11:28,Fa030AC031669,E17,100,1,5,31.4005597,0.19277204,31.96066332,0.003993228,2.083065682,28.61682498,-15.72,-3.32,4.428870149,46.65042687,44.28870149,1.267402019,466.5042687,13.34987101
cousins_pheno_0,2019/01/17 08:11:28,Fa030AC031699,E17,100,2,6,25.836119,0.165055233,31.94031668,0.003302651,2.024594457,34.16934327,-15.76,-4.74,3.847,48.232,38.47,1.314494636,482.32,16.48055765
cousins_pheno_0,2019/01/17 08:11:28,Fa030AC031759,E17,100,4,4,27.84236734,0.162937271,31.91719198,0.003692015,2.245860495,43.56591266,-15.74,-3.26,3.314039216,44.32761029,33.14039216,1.44379143,443.2761029,19.31172798
cousins_pheno_0,2019/01/17 08:11:28,Fa030AC031909,E17,100,9,5,26.11220422,0.145265424,31.87467289,0.003292666,2.246048016,28.40326659,-15.14,-1.6,2.709,42.976,27.09,0.769444492,429.76,12.20658785
cousins_pheno_0,2019/01/17 08:11:28,Fa030AB031399,E17,50,1,5,21.05218156,0.114319709,32.03331884,0.00280499,2.414306518,26.05412424,-16.3,-4.48,7.032567213,80.52288361,70.32567213,1.832273799,805.2288361,20.97953214
cousins_pheno_0,2019/01/17 08:11:28,Fa030AB031549,E17,50,6,4,23.76642091,0.145787202,32.01764806,0.003521628,2.383370735,29.25750017,-15.18,-0.5,2.25780292,45.46577737,22.5780292,0.660576693,454.6577737,13.30214989
cousins_pheno_0,2019/01/17 08:11:28,Fa030AB031579,E17,50,7,5,17.14115608,0.097702639,31.71761227,0.002291413,2.29346963,37.3727192,-15.42,-1.29,2.188,42.564,21.88,0.817715096,425.64,15.9073242
cousins_pheno_0,2019/01/17 08:11:28,Fa030AB031609,E17,50,8,5,20.98997712,0.130661721,31.97088289,0.003384829,2.55627056,42.0710039,-15.36,-1.06,2.153113198,41.64609848,21.53113198,0.905836338,416.4609848,17.52093172
cousins_pheno_0,2019/01/17 08:11:28,Fa030AB031639,E17,50,9,5,25.08650749,0.172939591,32.01530075,0.003949983,2.272492935,31.17952573,-15.53,-1.59,3.098,45.876,30.98,0.965941707,458.76,14.30391922
cousins_pheno_0,2019/01/17 08:11:28,Fa029AA031218,E18,10,1,5,17.96435867,0.098801864,32.0282486,0.002277418,2.260530373,41.00321192,-15.48,-3.15,2.029783854,39.72751979,20.29783854,0.832276575,397.2751979,16.28955913
cousins_pheno_0,2019/01/17 08:11:28,Fa029AA031338,E18,10,5,4,13.65596435,0.070230159,31.97524588,0.001960987,2.711969798,36.09136882,-16.05,-1.77,2.231065681,41.69982367,22.31065681,0.805222144,416.9982367,15.05003716
cousins_pheno_0,2019/01/17 08:11:28,Fa029AA031368,E18,10,6,5,31.22957355,0.180833583,31.8901248,0.004085632,2.247725719,21.99651473,-15.94,-2.29,2.794,42.558,27.94,0.614582622,425.58,9.361276739
cousins_pheno_0,2019/01/17 08:11:28,Fa029AC031668,E18,100,1,5,31.37088972,0.15227228,31.87575976,0.003693332,2.403606985,24.77277387,-15.66,-3.09,4.639473276,44.99570345,46.39473276,1.149326223,449.9570345,11.14668387
cousins_pheno_0,2019/01/17 08:11:28,Fa029AC031698,E18,100,2,6,26.14100579,0.164892265,32.07795715,0.003374382,2.061023264,33.10155129,-16.3,-4.46,3.959,48.126,39.59,1.310490416,481.26,15.93045257
cousins_pheno_0,2019/01/17 08:11:28,Fa029AC031728,E18,100,3,6,30.90433283,0.202615548,32.11201954,0.004326718,2.154530557,36.73204401,-16.03,-5.02,4.140238372,46.88341861,41.40238372,1.520794181,468.8341861,17.22123796
cousins_pheno_0,2019/01/17 08:11:28,Fa029AC031758,E18,100,4,4,31.61183006,0.195142535,32.0225385,0.004641235,2.373781534,35.23713524,-16.41,-3.5,2.771690909,43.73995455,27.71690909,0.976664474,437.3995455,15.41270694
cousins_pheno_0,2019/01/17 08:11:28,Fa029AC031788,E18,100,5,5,28.31680089,0.147381901,32.03066731,0.003828834,2.568418166,32.24731771,-16.65,-3.59,3.584748344,46.8622053,35.84748344,1.155985188,468.622053,15.11180423
cousins_pheno_0,2019/01/17 08:11:28,Fa029AC031908,E18,100,9,6,27.67328511,0.146206945,31.88969088,0.003430982,2.350975391,51.0404565,-16.16,-5.37,2.749,42.048,27.49,1.403102149,420.48,21.46149115
cousins_pheno_0,2019/01/17 08:11:28,Fa029AB031398,E18,50,1,6,27.83253311,0.156613007,31.98348904,0.003763973,2.394906985,37.3727192,-15.32,-1.25,2.353883429,41.68966743,23.53883429,0.879710244,416.8966743,15.58056234
cousins_pheno_0,2019/01/17 08:11:28,Fa029AB031428,E18,50,2,5,19.03903056,0.104153191,31.88570277,0.002419001,2.274604394,36.30492722,-15.34,0,1.680837647,42.58586235,16.80837647,0.610226884,425.8586235,15.46076633
cousins_pheno_0,2019/01/17 08:11:28,Fa029AB031488,E18,50,4,5,20.25425096,0.096492118,31.81623268,0.002471257,2.496531897,42.49812069,-15,-1.29,1.29,36.691,12.9,0.548225757,366.91,15.59298546
cousins_pheno_0,2019/01/17 08:11:28,Fa029AB031548,E18,50,6,5,23.7595205,0.141369584,31.88521512,0.003308177,2.309295223,40.57609513,-15.54,-1.65,1.889423684,44.60914737,18.89423684,0.766654351,446.0914737,18.10065007
cousins_pheno_0,2019/01/17 08:11:28,Fa017AA031206,G01,10,1,5,15.53009545,0.082767568,31.61789656,0.001860942,2.19991636,25.84056584,-15.99,-2.88,3.656,58.346,36.56,0.944731087,583.46,15.07693655
cousins_pheno_0,2019/01/17 08:11:28,Fa017AA031236,G01,10,2,5,15.55097147,0.088370928,31.65253448,0.001927958,2.142343663,30.32529215,-15.8,-2.1,3.261,43.285,32.61,0.988907777,432.85,13.12630271
cousins_pheno_0,2019/01/17 08:11:28,Fa017AA031326,G01,10,5,5,15.81389962,0.07671791,31.99879599,0.002044324,2.598861569,46.98284699,-15.7,-2.21,2.733,41.866,27.33,1.284041208,418.66,19.66983872
cousins_pheno_0,2019/01/17 08:11:28,Fa017AA031356,G01,10,6,5,20.60916159,0.10937107,31.97376204,0.002709434,2.446426325,25.41344905,-16.11,-2.27,3.268,43.295,32.68,0.830511515,432.95,11.00275277
cousins_pheno_0,2019/01/17 08:11:28,,G01,10,8,5,21.7870124,0.109098319,31.98066092,0.002695443,2.441406403,,,,,,,,,
cousins_pheno_0,2019/01/17 08:11:28,Fa017AC031656,G01,100,1,5,27.44466923,0.15983571,32.06457996,0.003367439,2.108166981,26.48124103,-15.98,-2.31,4.382387097,46.40268065,43.82387097,1.16051049,464.0268065,12.28800571
cousins_pheno_0,2019/01/17 08:11:28,Fa017AC031686,G01,100,2,6,31.41539415,0.218204251,31.96006155,0.004032798,1.905714782,28.61682498,-16.5,-5.75,4.277,49.318,42.77,1.223941604,493.18,14.11324574
cousins_pheno_0,2019/01/17 08:11:28,Fa017AC031716,G01,100,3,5,22.26331855,0.12095229,31.99574757,0.002984867,2.439091869,31.39308412,-16.08,-2.88,3.538007483,41.26650748,35.38007483,1.110689665,412.6650748,12.95482941
cousins_pheno_0,2019/01/17 08:11:28,Fa017AC031746,G01,100,4,6,31.1623713,0.178469859,31.90470409,0.003904487,2.213145023,32.6744345,-16.2,-4.33,4.264444444,50.70029543,42.64444444,1.393383107,507.0029543,16.56603482
cousins_pheno_0,2019/01/17 08:11:28,Fa017AC031806,G01,100,6,4,17.25509505,0.088045035,31.97539266,0.002462355,2.743489791,32.6744345,-16.61,-2.2,3.278892157,42.74818628,32.78892157,1.07135947,427.4818628,13.96772813
cousins_pheno_0,2019/01/17 08:11:28,Fa017AB031446,G01,50,3,5,19.0544756,0.106665986,31.88516903,0.002617196,2.420717509,22.85074831,-15.57,-0.41,2.696026168,46.55765794,26.96026168,0.616062154,465.5765794,10.63877323
cousins_pheno_0,2019/01/17 08:11:28,Fa017AB031476,G01,50,4,5,22.2095439,0.114385881,31.82931328,0.002700043,2.326107773,22.63718991,-15.61,-1.39,3.053867925,31.11704546,30.53867925,0.691309882,311.1704546,7.044024675
cousins_pheno_0,2019/01/17 08:11:28,Fa017AB031536,G01,50,6,4,14.1062938,0.083400862,32.15788778,0.002045791,2.391181265,23.49142349,-16.03,-1.06,2.355027273,45.79893396,23.55027273,0.55322943,457.9893396,10.75882153
cousins_pheno_0,2019/01/17 08:11:28,Fa017AB031626,G01,50,9,5,20.55450286,0.108668714,31.90112734,0.002482408,2.247412784,30.53885054,-15.87,-1.75,2.421,48.012,24.21,0.739345572,480.12,14.66231292
cousins_pheno_0,2019/01/17 08:11:28,Fa018AA031207,G02,10,1,6,22.32703461,0.136370266,31.95388031,0.003525552,2.572911147,46.98284699,-14.83,-1.68,2.727945455,45.15082909,27.27945455,1.281666439,451.5082909,21.21314495
cousins_pheno_0,2019/01/17 08:11:28,Fa018AA031237,G02,10,2,6,22.54432945,0.152230039,32.10166169,0.003443047,2.242069781,32.88799289,-16.03,-0.52,2.697,42.916,26.97,0.886989168,429.16,14.11421103
cousins_pheno_0,2019/01/17 08:11:28,Fa018AA031267,G02,10,3,5,20.54801111,0.100365545,32.06271744,0.002425477,2.363444625,30.11173375,-15.84,-1.02,2.845971631,55.4752027,28.45971631,0.8569714,554.752027,16.70454533
cousins_pheno_0,2019/01/17 08:11:28,Fa018AA031327,G02,10,5,5,14.91851485,0.075046496,32.11420536,0.002046002,2.655929409,48.26419736,-15.06,-2.92,2.767,40.427,27.67,1.335470341,404.27,19.51176707
cousins_pheno_0,2019/01/17 08:11:28,Fa018AA031357,G02,10,6,6,30.08800769,0.162338314,31.83159828,0.004178384,2.567649159,24.55921547,-15.79,-2.48,3.574,46.945,35.74,0.877746361,469.45,11.5293237
cousins_pheno_0,2019/01/17 08:11:28,Fa018AC031687,G02,100,2,4,32.27798279,0.210226407,32.05870874,0.005314612,2.547524009,21.35583954,-16.02,-4.06,4.323,42.338,43.23,0.923212943,423.38,9.041635344
cousins_pheno_0,2019/01/17 08:11:28,Fa018AC031717,G02,100,3,6,32.91234058,0.225863503,31.91585255,0.005011547,2.289915193,29.68461696,-15.56,-6.98,4.608,47.755,46.08,1.36786715,477.55,14.17588883
cousins_pheno_0,2019/01/17 08:11:28,Fa018AC031807,G02,100,6,5,29.11421903,0.151528454,32.07471562,0.003652538,2.379606313,23.70498189,-16.42,-2.8,4.306981982,49.44848649,43.06981982,1.020969299,494.4848649,11.72175477
cousins_pheno_0,2019/01/17 08:11:28,Fa018AC031897,G02,100,9,6,30.45405781,0.164139179,31.84074593,0.003720195,2.274658414,26.69479943,-16.3,-4.91,4.3895104,50.972704,43.895104,1.171770997,509.72704,13.6070611
cousins_pheno_0,2019/01/17 08:11:28,Fa018AB031387,G02,50,1,6,27.74195629,0.189540633,32.06086827,0.004102651,2.172045142,31.60664252,-15.51,-1.53,3.128,42.096,31.28,0.988655778,420.96,13.30513224
cousins_pheno_0,2019/01/17 08:11:28,Fa018AB031417,G02,50,2,6,25.34256191,0.151684744,32.26044655,0.003799896,2.490836422,26.26768264,-15.61,-0.65,2.572350407,40.87909919,25.72350407,0.675696841,408.7909919,10.73799204
cousins_pheno_0,2019/01/17 08:11:28,Fa018AB031567,G02,50,7,5,17.72652942,0.100611854,31.89756679,0.002435869,2.36618295,26.90835782,-14.97,-1.76,3.223,42.206,32.23,0.867256373,422.06,11.3569415
cousins_pheno_0,2019/01/17 08:11:28,Fa018AB031627,G02,50,9,5,12.16695293,0.073170146,31.98850123,0.001812959,2.407062473,32.03375931,-15.64,-2.01,1.956,39.478,19.56,0.626580332,394.78,12.6462875
cousins_pheno_0,2019/01/17 08:11:28,,G02,50,l,,26.56466402,0.1547079,32.02378941,0.003637786,2.345404879,,,,,,,,,
cousins_pheno_0,2019/01/17 08:11:28,Fa019AA031238,S01,10,2,5,21.60756237,0.116300692,31.74335003,0.002903472,2.458425837,30.53885054,-15.6,-1.92,2.360520979,38.98641539,23.60520979,0.720875974,389.8641539,11.90600313
cousins_pheno_0,2019/01/17 08:11:28,Fa019AA031358,S01,10,6,4,33.39511336,0.175792879,32.05030346,0.004788627,2.716001277,29.14572864,-15.37,-4.05,5.098,47.396,50.98,1.485849246,473.96,13.81390955
cousins_pheno_0,2019/01/17 08:11:28,,S01,10,l,,19.50385794,0.100743945,31.9536233,0.002561236,2.495764021,,,,,,,,,
cousins_pheno_0,2019/01/17 08:11:28,Fa019AC031688,S01,100,2,5,25.97579933,0.15774451,32.04302884,0.00351209,2.211110574,36.51848561,-15.97,-2.5,3.565,43.125,35.65,1.301884012,431.25,15.74859692
cousins_pheno_0,2019/01/17 08:11:28,Fa019AC031718,S01,100,3,4,34.88454704,0.209851315,31.99707794,0.004941431,2.368443302,26.05412424,-15.61,-0.2,1.766,36.696,17.66,0.460115834,366.96,9.560821431
cousins_pheno_0,2019/01/17 08:11:28,Fa019AC031838,S01,100,7,6,34.78288426,0.219383454,31.93051434,0.004867556,2.237094548,24.98633226,-15.59,-4.98,4.620847863,50.63497436,46.20847863,1.1545804,506.3497436,12.65182293
cousins_pheno_0,2019/01/17 08:11:28,Fa019AC031868,S01,100,8,6,31.93939791,0.22147291,32.17946339,0.00478499,2.178811511,32.88799289,-15.97,-4.98,4.387,47.23,43.87,1.442796248,472.3,15.53299904
cousins_pheno_0,2019/01/17 08:11:28,Fa019AB031448,S01,50,3,5,22.95371589,0.162446662,31.96626473,0.003881371,2.362230649,30.32529215,-15.25,1.29,3.284,42.277,32.84,0.995882594,422.77,12.82062376
cousins_pheno_0,2019/01/17 08:11:28,Fa019AB031538,S01,50,6,4,20.66750257,0.102026127,31.91501109,0.002471822,2.375999298,46.5557302,-15.44,-0.74,2.514704128,86.01677727,25.14704128,1.170738869,860.1677727,40.04573875
cousins_pheno_0,2019/01/17 08:11:28,Fa019AB031568,S01,50,7,5,16.97158911,0.09887818,32.06767273,0.002638791,2.614566864,40.36253673,-15.29,-1,2.372,39.696,23.72,0.957399371,396.96,16.02231258
cousins_pheno_0,2019/01/17 08:11:28,Fa019AB031598,S01,50,8,5,25.71802786,0.139982802,31.88881175,0.003296192,2.32227234,37.1591608,-14.73,-1.49,2.959,40.654,29.59,1.099539568,406.54,15.10668523
cousins_pheno_0,2019/01/17 08:11:28,Fa020AA031209,S02,10,1,5,25.4157753,0.14793934,31.93297672,0.003361161,2.275132453,40.57609513,-15.4,-0.96,1.63551579,39.53414,16.3551579,0.663628443,395.3414,16.04141026
cousins_pheno_0,2019/01/17 08:11:28,Fa020AA031239,S02,10,2,5,12.82612325,0.067013588,31.71308851,0.001525982,2.219399888,37.58627759,-15.43,-0.28,1.656,43.117,16.56,0.622428757,431.17,16.20607531
cousins_pheno_0,2019/01/17 08:11:28,Fa020AA031269,S02,10,3,4,20.51152811,0.102507375,31.96920458,0.002451289,2.331504022,26.26768264,-15.62,-2.57,1.453621951,42.79493902,14.53621951,0.381832801,427.9493902,11.24123877
cousins_pheno_0,2019/01/17 08:11:28,Fa020AA031299,S02,10,4,4,18.4026174,0.095178464,31.93538411,0.002505063,2.579357356,22.42363152,-15.28,-1.9,1.580790476,41.40301429,15.80790476,0.354470631,414.0301429,9.284059363
cousins_pheno_0,2019/01/17 08:11:28,Fa020AA031329,S02,10,5,4,22.52362818,0.113108042,31.84360171,0.002774114,2.420906036,47.40996378,-15.31,-1.3,1.353,41.347,13.53,0.64145681,413.47,19.60259772
cousins_pheno_0,2019/01/17 08:11:28,Fa020AA031359,S02,10,6,5,28.01217475,0.170719833,32.04815388,0.004067172,2.385952883,26.48124103,-15.22,-2.79,3.117,41.001,31.17,0.825420283,410.01,10.85757363
cousins_pheno_0,2019/01/17 08:11:28,Fa020AC031659,S02,100,1,5,25.90338001,0.157859578,31.85676289,0.003106773,1.987482019,35.66425203,-15.9,-4.71,4.102068264,49.54902156,41.02068264,1.462971964,495.4902156,17.67128793
cousins_pheno_0,2019/01/17 08:11:28,Fa020AC031689,S02,100,2,5,27.85747197,0.168392478,31.93426971,0.003512765,2.094721146,35.45069364,-16.06,-4.1,3.536580121,41.45403374,35.36580121,1.253742184,414.5403374,14.6957425
cousins_pheno_0,2019/01/17 08:11:28,Fa020AC031719,S02,100,3,5,26.30034986,0.176687075,31.9135809,0.003416169,1.967650509,35.45069364,-15.8,-4.84,3.649,47.704,36.49,1.293595811,477.04,16.91139889
cousins_pheno_0,2019/01/17 08:11:28,Fa020AC031809,S02,100,6,4,26.28371293,0.158457501,32.03338432,0.003664808,2.294878609,43.77947106,-15.82,-5.44,3.245873171,46.58082439,32.45873171,1.421026106,465.8082439,20.39283853
cousins_pheno_0,2019/01/17 08:11:28,Fa020AB031389,S02,50,1,5,30.54531714,0.204978962,32.08022309,0.004386527,2.154011202,34.16934327,-14.94,-0.88,2.030538125,41.565635,20.30538125,0.693821542,415.65635,14.20270451
cousins_pheno_0,2019/01/17 08:11:28,Fa020AB031479,S02,50,4,4,18.63846618,0.096293573,32.02101008,0.002369261,2.409050978,37.3727192,-15.3,-1.05,1.94,48.648,19.4,0.725030752,486.48,18.18108044
cousins_pheno_0,2019/01/17 08:11:28,Fa021AA031270,S03,10,3,5,25.60783226,0.147869184,31.9441452,0.003038716,2.058453437,,,,,,,,,
cousins_pheno_0,2019/01/17 08:11:28,Fa021AA031270,S03,10,3,4,18.33964121,0.097928835,31.99306393,0.002266291,2.268115676,,,,,,,,,
cousins_pheno_0,2019/01/17 08:11:28,Fa021AA031330,S03,10,5,5,25.65876574,0.150223668,32.04648876,0.003635795,2.407608408,28.61682498,-15.81,-1.63,3.39,42.942,33.9,0.970110367,429.42,12.28863698
cousins_pheno_0,2019/01/17 08:11:28,Fa021AA031360,S03,10,6,5,25.37126009,0.133196567,32.05342197,0.003226177,2.40220379,17.72534682,-15.87,-2.26,3.398,45.383,33.98,0.602307285,453.83,8.044294147
cousins_pheno_0,2019/01/17 08:11:28,Fa021AC031660,S03,100,1,5,32.95366093,0.20357203,32.00270939,0.00421584,2.095220881,25.84056584,-16,-4.78,4.31,46.425,43.1,1.113728388,464.25,11.99648269
cousins_pheno_0,2019/01/17 08:11:28,Fa021AC031720,S03,100,3,6,32.20531003,0.173417495,32.15696907,0.004086941,2.398196279,30.96596733,-15.32,-5.35,4.188,46.434,41.88,1.296854712,464.34,14.37873727
cousins_pheno_0,2019/01/17 08:11:28,Fa021AC031810,S03,100,6,4,19.23273699,0.104264355,31.92330043,0.002420973,2.279975409,25.62700745,-16.46,-2.63,2.064475,44.6523125,20.64475,0.529063162,446.523125,11.44305145
cousins_pheno_0,2019/01/17 08:11:28,Fa021AC031870,S03,100,8,4,20.55329734,0.10848517,32.04552937,0.002650632,2.391122196,39.72186155,-15.9,-5.14,3.352,44.237,33.52,1.331476799,442.37,17.57175989
cousins_pheno_0,2019/01/17 08:11:28,Fa021AC031900,S03,100,9,5,24.10029604,0.131723772,32.08265686,0.00325041,2.451609357,27.33547461,-16.57,-3.81,3.427,42.848,34.27,0.936786715,428.48,11.71270416
cousins_pheno_0,2019/01/17 08:11:28,Fa021AB031390,S03,50,1,5,25.32278601,0.137341878,32.14020443,0.003197723,2.303868741,24.77277387,-15.59,-1.06,2.700097414,43.45285517,27.00097414,0.668889027,434.5285517,10.76447755
cousins_pheno_0,2019/01/17 08:11:28,Fa021AB031540,S03,50,6,4,13.88971983,0.083341851,32.07543182,0.002007246,2.350807637,23.70498189,-15.66,-0.69,1.831283784,21.63154817,18.31283784,0.434105489,216.3154817,5.127754576
cousins_pheno_0,2019/01/17 08:11:28,Fa021AB031600,S03,50,8,5,22.44826557,0.135615152,32.01393509,0.003364611,2.457631596,23.2778651,-15.83,-1.31,2.782,46.163,27.82,0.647590207,461.63,10.74576087
cousins_pheno_0,2019/01/17 08:11:28,Fa022AA031211,S04,10,1,5,25.16105236,0.155826952,31.89407825,0.00333996,2.130731724,27.9761498,-15.41,-1.63,2.639009924,43.78332519,26.39009924,0.73829337,437.8332519,12.24888864
cousins_pheno_0,2019/01/17 08:11:28,Fa022AA031241,S04,10,2,6,22.12096335,0.129588852,32.02955341,0.003199987,2.451950626,26.05412424,-14.73,-2.03,2.198196721,43.52879672,21.98196721,0.572720905,435.2879672,11.34104678
cousins_pheno_0,2019/01/17 08:11:28,Fa022AA031301,S04,10,4,5,22.6604554,0.120887512,31.9569397,0.002810467,2.286731551,25.41344905,-15.34,-2.29,3.819,48.132,38.19,0.970539619,481.32,12.2320013
cousins_pheno_0,2019/01/17 08:11:28,Fa022AA031331,S04,10,5,5,27.2869786,0.136892161,32.0421505,0.003556185,2.563824888,21.35583954,-15.13,-3.57,4.172,46.957,41.72,0.890965626,469.57,10.02806157
cousins_pheno_0,2019/01/17 08:11:28,Fa022AC031691,S04,100,2,4,33.21035068,0.20943088,31.97996585,0.004893798,2.36397452,37.79983599,-15.92,-3.25,2.614,41.199,26.14,0.988087713,411.99,15.57315443
cousins_pheno_0,2019/01/17 08:11:28,Fa022AC031751,S04,100,4,4,18.95068789,0.111229408,32.01105626,0.002794198,2.46427657,32.24731771,-16.11,-4.22,3.565470199,46.26015894,35.65470199,1.149768503,462.6015894,14.91766043
cousins_pheno_0,2019/01/17 08:11:28,Fa022AC031811,S04,100,6,4,27.39865028,0.148613162,32.03270722,0.003774892,2.51449583,27.12191622,-15.84,-3.61,3.570185039,50.48037402,35.70185039,0.968302595,504.8037402,13.69124475
cousins_pheno_0,2019/01/17 08:11:28,Fa022AC031841,S04,100,7,5,27.32036779,0.157647938,32.01449203,0.003734906,2.369771541,32.4608761,-16.08,-4.7,3.504,45.009,35.04,1.137429099,450.09,14.61031572
cousins_pheno_0,2019/01/17 08:11:28,Fa022AC031871,S04,100,8,4,26.36351941,0.14546948,32.02563095,0.003385993,2.303162573,36.94560241,-15.68,-3.08,2.868682659,44.0856948,28.68682659,1.05985209,440.856948,16.28772552
cousins_pheno_0,2019/01/17 08:11:28,Fa022AB031541,S04,50,6,5,24.39943286,0.129810559,32.08928935,0.003096513,2.338966943,42.28456229,-15.06,-1.42,2.001,44.556,20.01,0.846114091,445.56,18.84030957
cousins_pheno_0,2019/01/17 08:11:28,Fa022AB031571,S04,50,7,6,22.39233242,0.123893104,32.02281666,0.003185777,2.560977323,20.28804756,-14.8,-1.84,3.275,46.917,32.75,0.664433558,469.17,9.518543274
cousins_pheno_0,2019/01/17 08:11:28,Fa022AB031631,S04,50,9,5,15.2315388,0.084946588,31.77915828,0.002012367,2.312190797,29.68461696,-14.88,-0.55,1.94,40.898,19.4,0.575881569,408.98,12.14041464
cousins_pheno_0,2019/01/17 08:11:28,Fa023AA031212,S05,10,1,5,28.97500664,0.174744988,31.9792943,0.003737809,2.134738576,28.40326659,-14.86,-2,3.410049624,44.08968872,34.10049624,0.968565486,440.8968872,12.52291183
cousins_pheno_0,2019/01/17 08:11:28,Fa023AA031242,S05,10,2,5,23.84173475,0.129752585,31.67388964,0.002871226,2.183062804,39.29474476,-15.17,-1.61,2.472747826,43.56241739,24.72747826,0.971659947,435.6241739,17.11774072
cousins_pheno_0,2019/01/17 08:11:28,Fa023AA031332,S05,10,5,5,17.18318677,0.111381062,31.66823101,0.00244128,2.15648575,36.09136882,-15.62,-2.15,2.374,43.177,23.74,0.856809096,431.77,15.58317032
cousins_pheno_0,2019/01/17 08:11:28,Fa023AA031362,S05,10,6,5,22.48701175,0.114853935,32.10127544,0.002847082,2.447791722,40.78965352,-15.68,-2.49,2.363,41.787,23.63,0.963859513,417.87,17.04477252
cousins_pheno_0,2019/01/17 08:11:28,Fa023AC031662,S05,100,1,5,24.3574152,0.124968497,32.01614094,0.002819569,2.228309688,30.96596733,-15.78,-3.57,4.125721379,46.47608828,41.25721379,1.277569534,464.7608828,14.39177031
cousins_pheno_0,2019/01/17 08:11:28,Fa023AC031692,S05,100,2,6,31.19117288,0.184046039,32.77448749,0.003973237,2.194564049,41.6438871,-15.46,-4.5,3.957,46.583,39.57,1.647848613,465.83,19.39897193
cousins_pheno_0,2019/01/17 08:11:28,Fa023AC031722,S05,100,3,5,23.09548132,0.122073572,33.32431564,0.003195085,2.576793823,,,,,,,,,
cousins_pheno_0,2019/01/17 08:11:28,Fa023AC031752,S05,100,4,4,14.33270687,0.079929129,31.98202069,0.002114749,2.585841143,42.42693455,-15.83,-3.67,3.483449664,45.74836913,34.83449664,1.477920909,457.4836913,19.40963063
cousins_pheno_0,2019/01/17 08:11:28,Fa023AC031872,S05,100,8,5,18.6308944,0.095229606,31.94067955,0.002432401,2.505835578,26.26768264,-16.15,-4.23,4.021182114,48.05426504,40.21182114,1.056271356,480.5426504,12.62274184
cousins_pheno_0,2019/01/17 08:11:28,Fa023AB031422,S05,50,2,5,18.82877088,0.098365541,32.00482369,0.002295764,2.289047528,35.23713524,-15.24,-1.56,2.684,41.341,26.84,0.94576471,413.41,14.56738408
cousins_pheno_0,2019/01/17 08:11:28,Fa023AB031542,S05,50,6,4,13.04959727,0.124725948,32.44566472,0.003382863,2.672063214,56.84647303,-15.06,-1.35,1.974543796,41.51540146,19.74543796,1.122458506,415.1540146,23.60004149
cousins_pheno_0,2019/01/17 08:11:28,Fa023AB031572,S05,50,7,5,17.58658735,0.102096135,31.9666152,0.002509137,2.418104815,30.75240894,-15.28,-2.53,2.564,27.164,25.64,0.788491765,271.64,8.353584364
cousins_pheno_0,2019/01/17 08:11:28,Fa023AB031602,S05,50,8,3,16.7544518,0.102074873,31.90549564,0.002336656,2.246767727,59.79635071,-15.26,-1.43,2.23,44.22,22.3,1.333458621,442.2,26.44194628
cousins_pheno_0,2019/01/17 08:11:28,Fa024AA031213,S06,10,1,6,24.18749582,0.146462615,31.94810724,0.003573839,2.433031986,34.38290166,-15.1,-2.1,2.253798758,45.68360745,22.53798758,0.774921411,456.8360745,15.70734982
cousins_pheno_0,2019/01/17 08:11:28,Fa024AA031273,S06,10,3,4,19.78489631,0.105962999,32.12834422,0.002558038,2.363056056,35.87781043,-15.98,-2.38,2.25,43.30099226,22.5,0.807250735,433.0099226,15.53544792
cousins_pheno_0,2019/01/17 08:11:28,Fa024AA031333,S06,10,5,5,19.53790344,0.104184183,31.90331411,0.002632869,2.484892951,36.94560241,-15.41,-2.51,2.110201156,40.4213422,21.10201156,0.779626529,404.213422,14.93390838
cousins_pheno_0,2019/01/17 08:11:28,Fa024AC031663,S06,100,1,5,26.44661766,0.156431543,32.13816325,0.003813888,2.431535186,31.60664252,-15.69,-5.44,3.607671622,41.78182027,36.07671622,1.140263873,417.8182027,13.20583057
cousins_pheno_0,2019/01/17 08:11:28,Fa024AC031693,S06,100,2,6,34.23824166,0.228143943,32.02285099,0.004775527,2.133872437,34.59646006,-15.65,-5.79,4.013753086,43.2154679,40.13753086,1.388616483,432.154679,14.95102209
cousins_pheno_0,2019/01/17 08:11:28,Fa024AC031813,S06,100,6,4,26.29800952,0.145784525,32.13683574,0.003742126,2.543424156,35.23713524,-16.03,-3.09,3.203806061,47.51,32.03806061,1.128929475,475.1,16.74116295
cousins_pheno_0,2019/01/17 08:11:28,Fa024AC031873,S06,100,8,5,29.81563098,0.168246888,32.1792841,0.003872691,2.292859898,40.78965352,-15.98,-5.08,3.481,44.99,34.81,1.419887839,449.9,18.35126512
cousins_pheno_0,2019/01/17 08:11:28,Fa024AB031423,S06,50,2,5,25.68065664,0.1327073,32.10784531,0.003159919,2.355388261,23.91854029,-15.4,-1.48,2.392,45.669,23.92,0.572131484,456.69,10.92335817
cousins_pheno_0,2019/01/17 08:11:28,Fa024AB031453,S06,50,3,5,25.49253091,0.172953793,32.07956791,0.003787427,2.187216326,41.21677031,-14.98,-1.28,1.836398964,41.73861554,18.36398964,0.756904343,417.3861554,17.2033093
cousins_pheno_0,2019/01/17 08:11:28,Fa024AB031633,S06,50,9,5,26.44445057,0.163467456,31.99827528,0.003940653,2.404713981,32.88799289,-15.52,-2.09,2.777,44.954,27.77,0.913299563,449.54,14.78446832
cousins_pheno_0,2019/01/17 08:11:28,Fa025AA031214,S07,10,1,5,8.260830276,0.04953372,31.83382301,0.00132366,2.593851559,36.09136882,-15.48,-1.71,2.143,42.822,21.43,0.773438034,428.22,15.45504596
cousins_pheno_0,2019/01/17 08:11:28,Fa025AA031244,S07,10,2,4,20.39528392,0.107443891,31.94743792,0.002638657,2.402971261,17.51178842,-15.79,-0.28,2.483,47.639,24.83,0.434817706,476.39,8.342440885
cousins_pheno_0,2019/01/17 08:11:28,,S07,10,l,,23.79680917,0.147813336,32.03298664,0.003323219,2.226026911,,,,,,,,,
cousins_pheno_0,2019/01/17 08:11:28,Fa025AC031664,S07,100,1,5,25.77270944,0.155026651,31.98123074,0.003413316,2.189477376,32.6744345,-15.61,-0.78,1.617979739,38.99849543,16.17979739,0.52866573,389.9849543,12.74253785
cousins_pheno_0,2019/01/17 08:11:28,Fa025AC031874,S07,100,8,6,18.41467433,0.149207827,32.01100636,0.003525605,2.360110583,26.26768264,-15.87,-2.04,2.648,41.365,26.48,0.695568236,413.65,10.86562692
cousins_pheno_0,2019/01/17 08:11:28,Fa025AC031904,S07,100,9,6,31.75380077,0.189047136,31.9993887,0.004315571,2.300432668,30.75240894,-15.21,-6.3,4.434,48.507,44.34,1.363561812,485.07,14.917071
cousins_pheno_0,2019/01/17 08:11:28,Fa025AB031394,S07,50,1,5,21.47996987,0.121669495,31.93493653,0.003056975,2.477404568,35.45069364,-15.46,-0.73,2.679,45.077,26.79,0.949724083,450.77,15.98010917
cousins_pheno_0,2019/01/17 08:11:28,Fa025AB031454,S07,50,3,6,27.53834396,0.158341946,32.13614178,0.003984979,2.512943066,31.39308412,-15.09,-1.56,2.97132517,44.34945034,29.7132517,0.93279061,443.4945034,13.92266025
cousins_pheno_0,2019/01/17 08:11:28,Fa025AB031604,S07,50,8,5,23.26829344,0.131419698,32.0125618,0.003363849,2.525445934,33.10155129,-14.56,-1.45,3.195,45.83,31.95,1.057594564,458.3,15.17044096
cousins_pheno_0,2019/01/17 08:11:28,Fa026AA031215,S08,10,1,5,23.24903942,0.128290061,32.09032567,0.003273813,2.5197591,26.69479943,-15.44,-1.51,2.49,45.452,24.9,0.664700506,454.52,12.13332024
cousins_pheno_0,2019/01/17 08:11:28,Fa026AA031245,S08,10,2,6,34.2329056,0.207013144,31.91309214,0.004142921,2.031280588,42.28456229,-15.49,-1.71,2.332,42.725,23.32,0.986075993,427.25,18.06607924
cousins_pheno_0,2019/01/17 08:11:28,Fa026AA031245,S08,10,2,5,21.07541854,0.128001156,32.5414629,0.003069818,2.369275133,42.28456229,-15.49,-1.71,2.332,42.725,23.32,0.986075993,427.25,18.06607924
cousins_pheno_0,2019/01/17 08:11:28,Fa026AA031365,S08,10,6,5,21.66683816,0.118238461,32.05457458,0.003239415,2.707079444,27.54903301,-15.93,-2.01,2.269,42.456,22.69,0.625087559,424.56,11.69621745
cousins_pheno_0,2019/01/17 08:11:28,Fa026AC031665,S08,100,1,4,29.28075853,0.192496706,32.000391,0.0047391,2.47827845,56.80653318,-15.85,-3.46,3.513940226,43.15944662,35.13940226,1.99614762,431.5944662,24.51738536
cousins_pheno_0,2019/01/17 08:11:28,Fa026AC031845,S08,100,7,5,25.12151468,0.147881943,31.80328179,0.003631606,2.438656651,33.52866808,-16.12,-4.28,3.436,46.506,34.36,1.152045035,465.06,15.59284238
cousins_pheno_0,2019/01/17 08:11:28,Fa026AC031875,S08,100,8,5,27.78899001,0.14960383,32.04318905,0.003761944,2.494269347,35.23713524,-15.21,-0.3,1.337,39.26,13.37,0.471120498,392.6,13.8340993
cousins_pheno_0,2019/01/17 08:11:28,Fa026AC031905,S08,100,9,6,29.83626128,0.180442957,31.91051531,0.004406737,2.46380569,37.58627759,-15.82,-6.1,3.885,46.561,38.85,1.460226884,465.61,17.50054671
cousins_pheno_0,2019/01/17 08:11:28,Fa026AB031395,S08,50,1,5,21.7342477,0.138039471,32.02204609,0.003100286,2.226077905,26.90835782,-15.33,-0.59,1.932489683,38.5383873,19.32489683,0.520001239,385.383873,10.37004715
cousins_pheno_0,2019/01/17 08:11:28,Fa026AB031485,S08,50,4,5,17.89081692,0.095397392,32.08940125,0.00234814,2.410801828,31.82020092,-15.22,-1.42,1.896832215,43.32371477,18.96832215,0.603575822,433.2371477,13.78569309
cousins_pheno_0,2019/01/17 08:11:28,Fa026AB031575,S08,50,7,5,17.85656483,0.112753234,32.13742638,0.002969888,2.591972372,41.6438871,-15.1,-1.53,1.687,39.414,16.87,0.702532375,394.14,16.41352166
cousins_pheno_0,2019/01/17 08:11:28,Fa027AA031216,S09,10,1,4,17.75083375,0.11066077,32.10243988,0.00263008,2.330293914,21.35583954,-15.99,-3.35,5.253,55.595,52.53,1.121822251,555.95,11.87277899
cousins_pheno_0,2019/01/17 08:11:28,Fa027AA031246,S09,10,2,5,26.39399779,0.152500422,31.9861083,0.0039401,2.576255335,26.90835782,-15.28,-1.36,2.117187302,44.74743492,21.17187302,0.569700335,447.4743492,12.0407999
cousins_pheno_0,2019/01/17 08:11:28,Fa027AA031336,S09,10,5,5,25.65237134,0.134688389,31.90466356,0.003415727,2.505355641,25.62700745,-15.35,-2.53,3.117761667,42.41305667,31.17761667,0.798989015,424.1305667,10.86919719
cousins_pheno_0,2019/01/17 08:11:28,Fa027AA031366,S09,10,6,5,24.72358192,0.163742309,32.11706924,0.004103916,2.4999647,14.94908768,-15.45,-2.86,3.643,51.247,36.43,0.544595264,512.47,7.660958963
cousins_pheno_0,2019/01/17 08:11:28,Fa027AC031696,S09,100,2,4,25.02152617,0.166400735,32.12310219,0.004268116,2.554879861,20.50160596,-16.05,-3.38,3.805041667,47.01409375,38.05041667,0.780094649,470.1409375,9.638644246
cousins_pheno_0,2019/01/17 08:11:28,Fa027AC031756,S09,100,4,5,34.84165884,0.220814591,32.02575429,0.005018451,2.283022039,28.18970819,-16.03,-3.39,3.394106061,46.06470455,33.94106061,0.956788594,460.6470455,12.98550579
cousins_pheno_0,2019/01/17 08:11:28,Fa027AC031846,S09,100,7,6,33.10388651,0.218744689,31.96346378,0.005069754,2.368816238,32.88799289,-15.9,-5.03,3.531,44.315,35.31,1.161275029,443.15,14.57431405
cousins_pheno_0,2019/01/17 08:11:28,Fa027AC031906,S09,100,9,4,23.44840247,0.125354849,31.90455055,0.002954294,2.319361781,27.7625914,-16.34,-4.45,3.592402308,44.54868615,35.92402308,0.997343974,445.4868615,12.36786971
cousins_pheno_0,2019/01/17 08:11:28,Fa027AB031396,S09,50,1,4,13.95022251,0.090720856,32.00339254,0.002172147,2.336739733,,,,,,,,,
cousins_pheno_0,2019/01/17 08:11:28,Fa027AB031426,S09,50,2,5,24.18597328,0.151175887,32.10162067,0.003705029,2.439595428,26.26768264,-15.38,-1.08,2.140174797,43.59761138,21.40174797,0.562174324,435.9761138,11.4520822
cousins_pheno_0,2019/01/17 08:11:28,Fa027AB031456,S09,50,3,4,12.54843896,0.088997652,32.16882833,0.002229852,2.442047537,25.41344905,-15.5,-1.04,2.019029412,43.88701177,20.19029412,0.513105011,438.8701177,11.15320338
cousins_pheno_0,2019/01/17 08:11:28,Fa028AA031217,S10,10,1,6,19.91263272,0.113123473,32.04023552,0.002739799,2.40675927,46.98284699,-14.85,-2.59,1.715,42.202,17.15,0.805755826,422.02,19.82770109
cousins_pheno_0,2019/01/17 08:11:28,Fa028AA031247,S10,10,2,5,21.14355361,0.122278981,31.88840914,0.003185538,2.578705373,30.96596733,-15.12,-1.77,1.852,44.85,18.52,0.573489715,448.5,13.88823635
cousins_pheno_0,2019/01/17 08:11:28,Fa028AA031337,S10,10,5,6,17.49879392,0.085507911,32.03123188,0.002251278,2.574299788,23.70498189,-13.23,-2.02,2.82190991,42.97104505,28.2190991,0.668933233,429.7104505,10.18627845
cousins_pheno_0,2019/01/17 08:11:28,Fa028AA031367,S10,10,6,4,13.2254121,0.06352861,31.82163096,0.001703291,2.606538857,47.62352218,-15.42,-1.23,1.402,38.039,14.02,0.667681781,380.39,18.1155116
cousins_pheno_0,2019/01/17 08:11:28,Fa028AC031697,S10,100,2,4,35.33236327,0.224638155,31.95594406,0.005426906,2.436951901,29.04394178,-15.94,-3.55,3.981029412,47.19951838,39.81029412,1.156247865,471.9951838,13.70860064
cousins_pheno_0,2019/01/17 08:11:28,Fa028AC031697,S10,100,2,6,35.16601243,0.243508887,31.90083536,0.004462142,1.890066806,29.04394178,-15.94,-3.55,3.981029412,47.19951838,39.81029412,1.156247865,471.9951838,13.70860064
cousins_pheno_0,2019/01/17 08:11:28,Fa028AC031727,S10,100,3,5,30.9897884,0.191390409,31.87680102,0.003861457,2.042512255,39.50830315,-15.61,-3.5,3.795706487,45.30713946,37.95706487,1.499619226,453.0713946,17.90008201
cousins_pheno_0,2019/01/17 08:11:28,Fa028AC031847,S10,100,7,6,31.26104481,0.155357368,32.34622765,0.004221721,2.709071522,36.30492722,-15.83,-4.36,3.673,44.474,36.73,1.333479977,444.74,16.14625333
cousins_pheno_0,2019/01/17 08:11:28,Fa028AB031397,S10,50,1,6,24.71324072,0.163951482,31.96935082,0.003862763,2.391136546,33.10155129,-14.61,-0.34,2.035752258,41.16112774,20.35752258,0.673865578,411.6112774,13.62497181
cousins_pheno_0,2019/01/17 08:11:28,Fa028AB031457,S10,50,3,5,22.84702681,0.141017235,31.92382876,0.002989784,2.11846334,31.82020092,-15.22,-1.06,1.997,39.696,19.97,0.635449412,396.96,12.63134696
cousins_pheno_0,2019/01/17 08:11:28,Fa028AB031487,S10,50,4,6,21.29477313,0.155837932,31.95479155,0.003274882,2.097797714,,,,,,,,,
cousins_pheno_0,2019/01/17 08:11:28,Fa028AB031607,S10,50,8,4,18.70620412,0.124085879,32.0086937,0.003300683,2.617500703,31.17952573,-16.37,-1.93,2.627,41.162,26.27,0.819086141,411.62,12.83411638
